title,price,availability
A Light in the Attic,£51.77,In
Tipping the Velvet,£53.74,In
Soumission,£50.10,In
Sharp Objects,£47.82,In
Sapiens: A Brief History of Humankind,£54.23,In
The Requiem Red,£22.65,In
The Dirty Little Secrets of Getting Your Dream Job,£33.34,In
"The Coming Woman: A Novel Based on the Life of the Infamous Feminist, Victoria Woodhull",£17.93,In
The Boys in the Boat: Nine Americans and Their Epic Quest for Gold at the 1936 Berlin Olympics,£22.60,In
The Black Maria,£52.15,In
"Starving Hearts (Triangular Trade Trilogy, #1)",£13.99,In
Shakespeare's Sonnets,£20.66,In
Set Me Free,£17.46,In
Scott Pilgrim's Precious Little Life (Scott Pilgrim #1),£52.29,In
Rip it Up and Start Again,£35.02,In
"Our Band Could Be Your Life: Scenes from the American Indie Underground, 1981-1991",£57.25,In
Olio,£23.88,In
Mesaerion: The Best Science Fiction Stories 1800-1849,£37.59,In
Libertarianism for Beginners,£51.33,In
It's Only the Himalayas,£45.17,In
In Her Wake,£12.84,In
How Music Works,£37.32,In
"Foolproof Preserving: A Guide to Small Batch Jams, Jellies, Pickles, Condiments, and More: A Foolproof Guide to Making Small Batch Jams, Jellies, Pickles, Condiments, and More",£30.52,In
Chase Me (Paris Nights #2),£25.27,In
Black Dust,£34.53,In
Birdsong: A Story in Pictures,£54.64,In
America's Cradle of Quarterbacks: Western Pennsylvania's Football Factory from Johnny Unitas to Joe Montana,£22.50,In
Aladdin and His Wonderful Lamp,£53.13,In
Worlds Elsewhere: Journeys Around Shakespeare’s Globe,£40.30,In
Wall and Piece,£44.18,In
The Four Agreements: A Practical Guide to Personal Freedom,£17.66,In
The Five Love Languages: How to Express Heartfelt Commitment to Your Mate,£31.05,In
The Elephant Tree,£23.82,In
The Bear and the Piano,£36.89,In
Sophie's World,£15.94,In
Penny Maybe,£33.29,In
Maude (1883-1993):She Grew Up with the country,£18.02,In
"In a Dark, Dark Wood",£19.63,In
Behind Closed Doors,£52.22,In
You can't bury them all: Poems,£33.63,In
Slow States of Collapse: Poems,£57.31,In
Reasons to Stay Alive,£26.41,In
Private Paris (Private #10),£47.61,In
#HigherSelfie: Wake Up Your Life. Free Your Soul. Find Your Tribe.,£23.11,In
Without Borders (Wanderlove #1),£45.07,In
When We Collided,£31.77,In
"We Love You, Charlie Freeman",£50.27,In
Untitled Collection: Sabbath Poems 2014,£14.27,In
"Unseen City: The Majesty of Pigeons, the Discreet Charm of Snails & Other Wonders of the Urban Wilderness",£44.18,In
Unicorn Tracks,£18.78,In
"Unbound: How Eight Technologies Made Us Human, Transformed Society, and Brought Our World to the Brink",£25.52,In
Tsubasa: WoRLD CHRoNiCLE 2 (Tsubasa WoRLD CHRoNiCLE #2),£16.28,In
Throwing Rocks at the Google Bus: How Growth Became the Enemy of Prosperity,£31.12,In
This One Summer,£19.49,In
Thirst,£17.27,In
The Torch Is Passed: A Harding Family Story,£19.09,In
The Secret of Dreadwillow Carse,£56.13,In
"The Pioneer Woman Cooks: Dinnertime: Comfort Classics, Freezer Food, 16-Minute Meals, and Other Delicious Ways to Solve Supper!",£56.41,In
The Past Never Ends,£56.50,In
The Natural History of Us (The Fine Art of Pretending #2),£45.22,In
The Nameless City (The Nameless City #1),£38.16,In
The Murder That Never Was (Forensic Instincts #5),£54.11,In
The Most Perfect Thing: Inside (and Outside) a Bird's Egg,£42.96,In
"The Mindfulness and Acceptance Workbook for Anxiety: A Guide to Breaking Free from Anxiety, Phobias, and Worry Using Acceptance and Commitment Therapy",£23.89,In
The Life-Changing Magic of Tidying Up: The Japanese Art of Decluttering and Organizing,£16.77,In
"The Inefficiency Assassin: Time Management Tactics for Working Smarter, Not Longer",£20.59,In
The Gutsy Girl: Escapades for Your Life of Epic Adventure,£37.13,In
The Electric Pencil: Drawings from Inside State Hospital No. 3,£56.06,In
The Death of Humanity: and the Case for Life,£58.11,In
"The Bulletproof Diet: Lose up to a Pound a Day, Reclaim Energy and Focus, Upgrade Your Life",£49.05,In
The Art Forger,£40.76,In
The Age of Genius: The Seventeenth Century and the Birth of the Modern Mind,£19.73,In
The Activist's Tao Te Ching: Ancient Advice for a Modern Revolution,£32.24,In
Spark Joy: An Illustrated Master Class on the Art of Organizing and Tidying Up,£41.83,In
Soul Reader,£39.58,In
Security,£39.25,In
"Saga, Volume 6 (Saga (Collected Editions) #6)",£25.02,In
"Saga, Volume 5 (Saga (Collected Editions) #5)",£51.04,In
Reskilling America: Learning to Labor in the Twenty-First Century,£19.83,In
"Rat Queens, Vol. 3: Demons (Rat Queens (Collected Editions) #11-15)",£50.40,In
"Princess Jellyfish 2-in-1 Omnibus, Vol. 01 (Princess Jellyfish 2-in-1 Omnibus #1)",£13.61,In
Princess Between Worlds (Wide-Awake Princess #5),£13.34,In
"Pop Gun War, Volume 1: Gift",£18.97,In
"Political Suicide: Missteps, Peccadilloes, Bad Calls, Backroom Hijinx, Sordid Pasts, Rotten Breaks, and Just Plain Dumb Mistakes in the Annals of American Politics",£36.28,In
Patience,£10.16,In
"Outcast, Vol. 1: A Darkness Surrounds Him (Outcast #1)",£15.44,In
orange: The Complete Collection 1 (orange: The Complete Collection #1),£48.41,In
Online Marketing for Busy Authors: A Step-By-Step Guide,£46.35,In
On a Midnight Clear,£14.07,In
Obsidian (Lux #1),£14.86,In
My Paris Kitchen: Recipes and Stories,£33.37,In
Masks and Shadows,£56.40,In
"Mama Tried: Traditional Italian Cooking for the Screwed, Crude, Vegan, and Tattooed",£14.02,In
"Lumberjanes, Vol. 2: Friendship to the Max (Lumberjanes #5-8)",£46.91,In
"Lumberjanes, Vol. 1: Beware the Kitten Holy (Lumberjanes #1-4)",£45.61,In
Lumberjanes Vol. 3: A Terrible Plan (Lumberjanes #9-12),£19.92,In
"Layered: Baking, Building, and Styling Spectacular Cakes",£40.11,In
Judo: Seven Steps to Black Belt (an Introductory Guide for Beginners),£53.90,In
Join,£35.67,In
In the Country We Love: My Family Divided,£22.00,In
Immunity: How Elie Metchnikoff Changed the Course of Modern Medicine,£57.36,In
"I Hate Fairyland, Vol. 1: Madly Ever After (I Hate Fairyland (Compilations) #1-5)",£29.17,In
I am a Hero Omnibus Volume 1,£54.63,In
How to Be Miserable: 40 Strategies You Already Use,£46.03,In
Her Backup Boyfriend (The Sorensen Family #1),£33.97,In
"Giant Days, Vol. 2 (Giant Days #5-8)",£22.11,In
Forever and Forever: The Courtship of Henry Longfellow and Fanny Appleton,£29.69,In
First and First (Five Boroughs #3),£15.97,In
Fifty Shades Darker (Fifty Shades #2),£21.96,In
Everydata: The Misinformation Hidden in the Little Data You Consume Every Day,£54.35,In
"Don't Be a Jerk: And Other Practical Advice from Dogen, Japan's Greatest Zen Master",£37.97,In
Danganronpa Volume 1,£51.99,In
Crown of Midnight (Throne of Glass #2),£43.29,In
"Codename Baboushka, Volume 1: The Conclave of Death",£36.72,In
Camp Midnight,£17.08,In
Call the Nurse: True Stories of a Country Nurse on a Scottish Isle,£29.14,In
Burning,£28.81,In
Bossypants,£49.46,In
"Bitch Planet, Vol. 1: Extraordinary Machine (Bitch Planet (Collected Editions))",£37.92,In
"Avatar: The Last Airbender: Smoke and Shadow, Part 3 (Smoke and Shadow #3)",£28.09,In
Algorithms to Live By: The Computer Science of Human Decisions,£30.81,In
A World of Flavor: Your Gluten Free Passport,£42.95,In
"A Piece of Sky, a Grain of Rice: A Memoir in Four Meditations",£56.76,In
A Murder in Time,£16.64,In
A Flight of Arrows (The Pathfinders #2),£55.53,In
A Fierce and Subtle Poison,£28.13,In
A Court of Thorns and Roses (A Court of Thorns and Roses #1),£52.37,In
(Un)Qualified: How God Uses Broken People to Do Big Things,£54.00,In
You Are What You Love: The Spiritual Power of Habit,£21.87,In
"William Shakespeare's Star Wars: Verily, A New Hope (William Shakespeare's Star Wars #4)",£43.30,In
Tuesday Nights in 1980,£21.04,In
Tracing Numbers on a Train,£41.60,In
Throne of Glass (Throne of Glass #1),£35.07,In
Thomas Jefferson and the Tripoli Pirates: The Forgotten War That Changed American History,£59.64,In
Thirteen Reasons Why,£52.72,In
The White Cat and the Monk: A Retelling of the Poem “Pangur Bán”,£58.08,In
The Wedding Dress,£24.12,In
The Vacationers,£42.15,In
The Third Wave: An Entrepreneur’s Vision of the Future,£12.61,In
The Stranger,£17.44,In
The Shadow Hero (The Shadow Hero),£33.14,In
The Secret (The Secret #1),£27.37,In
The Regional Office Is Under Attack!,£51.36,In
The Psychopath Test: A Journey Through the Madness Industry,£36.00,In
The Project,£10.65,In
The Power of Now: A Guide to Spiritual Enlightenment,£43.54,In
The Omnivore's Dilemma: A Natural History of Four Meals,£38.21,In
The Nerdy Nummies Cookbook: Sweet Treats for the Geek in All of Us,£37.34,In
The Murder of Roger Ackroyd (Hercule Poirot #4),£44.10,In
The Mistake (Off-Campus #2),£43.29,In
The Matchmaker's Playbook (Wingmen Inc. #1),£55.85,In
The Love and Lemons Cookbook: An Apple-to-Zucchini Celebration of Impromptu Cooking,£37.60,In
The Long Shadow of Small Ghosts: Murder and Memory in an American City,£10.97,In
The Kite Runner,£41.82,In
The House by the Lake,£36.95,In
The Glittering Court (The Glittering Court #1),£44.28,In
The Girl on the Train,£55.02,In
The Genius of Birds,£17.24,In
The Emerald Mystery,£23.15,In
The Cookies & Cups Cookbook: 125+ sweet & savory recipes reminding you to Always Eat Dessert First,£41.25,In
The Bridge to Consciousness: I'm Writing the Bridge Between Science and Our Old and New Beliefs.,£32.00,In
The Artist's Way: A Spiritual Path to Higher Creativity,£38.49,In
The Art of War,£33.34,In
The Argonauts,£10.93,In
The 10% Entrepreneur: Live Your Startup Dream Without Quitting Your Day Job,£27.55,In
Suddenly in Love (Lake Haven #1),£55.99,In
Something More Than This,£16.24,In
Soft Apocalypse,£26.12,In
So You've Been Publicly Shamed,£12.23,In
Shoe Dog: A Memoir by the Creator of NIKE,£23.99,In
"Shobu Samurai, Project Aryoku (#3)",£29.06,In
Secrets and Lace (Fatal Hearts #1),£20.27,In
Scarlett Epstein Hates It Here,£43.55,In
Romero and Juliet: A Tragic Tale of Love and Zombies,£36.94,In
Redeeming Love,£20.47,In
Poses for Artists Volume 1 - Dynamic and Sitting Poses: An Essential Reference for Figure Drawing and the Human Form,£41.06,In
Poems That Make Grown Women Cry,£14.19,In
"Nightingale, Sing",£38.28,In
Night Sky with Exit Wounds,£41.05,In
Mrs. Houdini,£30.25,In
Modern Romance,£28.26,In
Miss Peregrine’s Home for Peculiar Children (Miss Peregrine’s Peculiar Children #1),£10.76,In
Louisa: The Extraordinary Life of Mrs. Adams,£16.85,In
Little Red,£13.47,In
Library of Souls (Miss Peregrine’s Peculiar Children #3),£48.56,In
Large Print Heart of the Pride,£19.15,In
I Had a Nice Time And Other Lies...: How to find love & sh*t like that,£57.36,In
Hollow City (Miss Peregrine’s Peculiar Children #2),£42.98,In
Grumbles,£22.16,In
Full Moon over Noah’s Ark: An Odyssey to Mount Ararat and Beyond,£49.43,In
Frostbite (Vampire Academy #2),£29.99,In
Follow You Home,£21.36,In
First Steps for New Christians (Print Edition),£29.00,In
Finders Keepers (Bill Hodges Trilogy #2),£53.53,In
"Fables, Vol. 1: Legends in Exile (Fables #1)",£41.62,In
Eureka Trivia 6.0,£54.59,In
Drive: The Surprising Truth About What Motivates Us,£34.95,In
Done Rubbed Out (Reightman & Bailey #1),£37.72,In
Doing It Over (Most Likely To #1),£35.61,In
"Deliciously Ella Every Day: Quick and Easy Recipes for Gluten-Free Snacks, Packed Lunches, and Simple Meals",£42.16,In
Dark Notes,£19.19,In
"Daring Greatly: How the Courage to Be Vulnerable Transforms the Way We Live, Love, Parent, and Lead",£19.43,In
Close to You,£49.46,In
Chasing Heaven: What Dying Taught Me About Living,£37.80,In
Big Magic: Creative Living Beyond Fear,£30.80,In
Becoming Wise: An Inquiry into the Mystery and Art of Living,£27.43,In
Beauty Restored (Riley Family Legacy Novellas #3),£11.11,In
Batman: The Long Halloween (Batman),£36.50,In
Batman: The Dark Knight Returns (Batman),£15.38,In
Ayumi's Violin,£15.48,In
Anonymous,£46.82,In
Amy Meets the Saints and Sages,£18.46,In
Amid the Chaos,£36.58,In
Amatus,£50.54,In
Agnostic: A Spirited Manifesto,£12.51,In
Zealot: The Life and Times of Jesus of Nazareth,£24.70,In
You (You #1),£43.61,In
"Wonder Woman: Earth One, Volume One (Wonder Woman: Earth One #1)",£37.34,In
Wild Swans,£14.36,In
Why the Right Went Wrong: Conservatism--From Goldwater to the Tea Party and Beyond,£52.65,In
Whole Lotta Creativity Going On: 60 Fun and Unusual Exercises to Awaken and Strengthen Your Creativity,£38.20,In
What's It Like in Space?: Stories from Astronauts Who've Been There,£19.60,In
"We Are Robin, Vol. 1: The Vigilante Business (We Are Robin #1)",£53.90,In
Walt Disney's Alice in Wonderland,£12.96,In
V for Vendetta (V for Vendetta Complete),£37.10,In
Until Friday Night (The Field Party #1),£46.31,In
"Unbroken: A World War II Story of Survival, Resilience, and Redemption",£45.95,In
Twenty Yawns,£22.08,In
Through the Woods,£25.38,In
This Is Where It Ends,£27.12,In
The Year of Magical Thinking,£43.04,In
The Wright Brothers,£56.80,In
The White Queen (The Cousins' War #1),£25.91,In
The Wedding Pact (The O'Malleys #2),£32.61,In
The Time Keeper,£27.88,In
The Testament of Mary,£52.67,In
The Star-Touched Queen,£46.02,In
The Songs of the Gods,£44.48,In
The Song of Achilles,£37.40,In
The Rosie Project (Don Tillman #1),£54.04,In
The Power of Habit: Why We Do What We Do in Life and Business,£16.88,In
The Marriage of Opposites,£28.08,In
The Lucifer Effect: Understanding How Good People Turn Evil,£10.40,In
The Long Haul (Diary of a Wimpy Kid #9),£44.07,In
The Loney,£23.40,In
The Literature Book (Big Ideas Simply Explained),£17.43,In
The Last Mile (Amos Decker #2),£54.21,In
The Immortal Life of Henrietta Lacks,£40.67,In
The Hidden Oracle (The Trials of Apollo #1),£52.26,In
The Help Yourself Cookbook for Kids: 60 Easy Plant-Based Recipes Kids Can Make to Stay Healthy and Save the Earth,£28.77,In
The Guilty (Will Robie #4),£13.82,In
The First Hostage (J.B. Collins #2),£25.85,In
The Dovekeepers,£48.78,In
The Darkest Lie,£35.35,In
The Bane Chronicles (The Bane Chronicles #1-11),£44.73,In
The Bad-Ass Librarians of Timbuktu: And Their Race to Save the World’s Most Precious Manuscripts,£15.77,In
The 14th Colony (Cotton Malone #11),£39.24,In
That Darkness (Gardiner and Renner #1),£13.92,In
Tastes Like Fear (DI Marnie Rome #3),£10.69,In
Take Me with You,£45.21,In
Swell: A Year of Waves,£45.58,In
Superman Vol. 1: Before Truth (Superman by Gene Luen Yang #1),£11.89,In
Still Life with Bread Crumbs,£26.41,In
Steve Jobs,£39.50,In
Sorting the Beef from the Bull: The Science of Food Fraud Forensics,£44.74,In
Someone Like You (The Harrisons #2),£52.79,In
"So Cute It Hurts!!, Vol. 6 (So Cute It Hurts!! #6)",£35.43,In
Shtum,£55.84,In
See America: A Celebration of Our National Parks & Treasured Sites,£48.87,In
salt.,£46.78,In
Robin War,£47.82,In
"Red Hood/Arsenal, Vol. 1: Open for Business (Red Hood/Arsenal #1)",£25.48,In
Rain Fish,£23.57,In
"Quarter Life Poetry: Poems for the Young, Broke and Hangry",£50.89,In
Pet Sematary,£10.56,In
"Overload: How to Unplug, Unwind, and Unleash Yourself from the Pressure of Stress",£52.15,In
Once Was a Time,£18.28,In
Old School (Diary of a Wimpy Kid #10),£11.83,In
No Dream Is Too High: Life Lessons From a Man Who Walked on the Moon,£21.95,In
"Naruto (3-in-1 Edition), Vol. 14: Includes Vols. 40, 41 & 42 (Naruto: Omnibus #14)",£38.39,In
My Name Is Lucy Barton,£41.56,In
My Mrs. Brown,£24.48,In
My Kind of Crazy,£40.36,In
Mr. Mercedes (Bill Hodges Trilogy #1),£28.90,In
More Than Music (Chasing the Dream #1),£37.61,In
Made to Stick: Why Some Ideas Survive and Others Die,£38.85,In
Luis Paints the World,£53.95,In
Luckiest Girl Alive,£49.83,In
Lowriders to the Center of the Earth (Lowriders in Space #2),£51.51,In
Love Is a Mix Tape (Music #1),£18.03,In
Looking for Lovely: Collecting the Moments that Matter,£29.14,In
"Living Leadership by Insight: A Good Leader Achieves, a Great Leader Builds Monuments",£46.91,In
Let It Out: A Journey Through Journaling,£26.79,In
Lady Midnight (The Dark Artifices #1),£16.28,In
"It's All Easy: Healthy, Delicious Weeknight Meals in under 30 Minutes",£19.55,In
Island of Dragons (Unwanteds #7),£29.65,In
I Know What I'm Doing -- and Other Lies I Tell Myself: Dispatches from a Life Under Construction,£25.98,In
I Am Pilgrim (Pilgrim #1),£10.60,In
"Hyperbole and a Half: Unfortunate Situations, Flawed Coping Mechanisms, Mayhem, and Other Things That Happened",£14.75,In
"Hush, Hush (Hush, Hush #1)",£47.02,In
Hold Your Breath (Search and Rescue #1),£28.82,In
Hamilton: The Revolution,£58.79,In
Greek Mythic History,£10.23,In
God: The Most Unpleasant Character in All Fiction,£30.03,In
Glory over Everything: Beyond The Kitchen House,£45.84,In
Feathers: Displays of Brilliant Plumage,£49.05,In
"Far & Away: Places on the Brink of Change: Seven Continents, Twenty-Five Years",£15.06,In
Every Last Word,£46.47,In
Eligible (The Austen Project #4),£27.09,In
El Deafo,£57.62,In
Eight Hundred Grapes,£14.39,In
"Eaternity: More than 150 Deliciously Easy Vegan Recipes for a Long, Healthy, Satisfied, Joyful Life",£51.75,In
"Eat Fat, Get Thin",£54.07,In
Don't Get Caught,£55.35,In
Doctor Sleep (The Shining #2),£40.12,In
Demigods & Magicians: Percy and Annabeth Meet the Kanes (Percy Jackson & Kane Chronicles Crossover #1-3),£37.51,In
Dear Mr. Knightley,£11.21,In
Daily Fantasy Sports,£36.58,In
Crazy Love: Overwhelmed by a Relentless God,£47.72,In
Cometh the Hour (The Clifton Chronicles #6),£25.01,In
Code Name Verity (Code Name Verity #1),£22.13,In
Clockwork Angel (The Infernal Devices #1),£44.14,In
City of Glass (The Mortal Instruments #3),£56.02,In
City of Fallen Angels (The Mortal Instruments #4),£11.23,In
City of Bones (The Mortal Instruments #1),£43.28,In
City of Ashes (The Mortal Instruments #2),£47.27,In
Cell,£20.29,In
Catching Jordan (Hundred Oaks),£50.83,In
"Carry On, Warrior: Thoughts on Life Unarmed",£31.85,In
Carrie,£46.23,In
Buying In: The Secret Dialogue Between What We Buy and Who We Are,£37.80,In
Brain on Fire: My Month of Madness,£49.32,In
Batman: Europa,£32.01,In
Barefoot Contessa Back to Basics,£28.01,In
Barefoot Contessa at Home: Everyday Recipes You'll Make Over and Over Again,£50.62,In
Balloon Animals,£17.03,In
Art Ops Vol. 1,£48.80,In
Aristotle and Dante Discover the Secrets of the Universe (Aristotle and Dante Discover the Secrets of the Universe #1),£58.14,In
Angels Walking (Angels Walking #1),£34.20,In
Angels & Demons (Robert Langdon #1),£51.48,In
All the Light We Cannot See,£29.87,In
"Adulthood Is a Myth: A ""Sarah's Scribbles"" Collection",£10.90,In
Abstract City,£56.37,In
A Time of Torment (Charlie Parker #14),£48.35,In
A Study in Scarlet (Sherlock Holmes #1),£16.73,In
"A Series of Catastrophes and Miracles: A True Story of Love, Science, and Cancer",£56.48,In
A People's History of the United States,£40.79,In
A Man Called Ove,£39.72,In
A Distant Mirror: The Calamitous 14th Century,£14.58,In
A Brush of Wings (Angels Walking #3),£55.51,In
1491: New Revelations of the Americas Before Columbus,£21.80,In
"The Three Searches, Meaning, and the Story",£13.33,In
Searching for Meaning in Gailana,£38.73,In
Rook,£37.86,In
My Kitchen Year: 136 Recipes That Saved My Life,£11.53,In
13 Hours: The Inside Account of What Really Happened In Benghazi,£27.06,In
Will You Won't You Want Me?,£13.86,In
Tipping Point for Planet Earth: How Close Are We to the Edge?,£37.55,In
The Star-Touched Queen,£32.30,In
The Silent Sister (Riley MacPherson #1),£46.29,In
The Midnight Watch: A Novel of the Titanic and the Californian,£26.20,In
The Lonely City: Adventures in the Art of Being Alone,£33.26,In
The Gray Rhino: How to Recognize and Act on the Obvious Dangers We Ignore,£59.15,In
The Golden Condom: And Other Essays on Love Lost and Found,£39.43,In
The Epidemic (The Program 0.6),£14.44,In
The Dinner Party,£56.54,In
The Diary of a Young Girl,£59.90,In
The Children,£11.88,In
Stars Above (The Lunar Chronicles #4.5),£48.05,In
Snatched: How A Drug Queen Went Undercover for the DEA and Was Kidnapped By Colombian Guerillas,£21.21,In
Raspberry Pi Electronics Projects for the Evil Genius,£49.67,In
Quench Your Own Thirst: Business Lessons Learned Over a Beer or Two,£43.14,In
Psycho: Sanitarium (Psycho #1.5),£36.97,In
Poisonous (Max Revere Novels #3),£26.80,In
One with You (Crossfire #5),£15.71,In
No Love Allowed (Dodge Cove #1),£54.65,In
Murder at the 42nd Street Library (Raymond Ambler #1),£54.36,In
Most Wanted,£35.28,In
"Love, Lies and Spies",£20.55,In
How to Speak Golf: An Illustrated Guide to Links Lingo,£58.32,In
Hide Away (Eve Duncan #20),£11.84,In
Furiously Happy: A Funny Book About Horrible Things,£41.46,In
Everyday Italian: 125 Simple and Delicious Recipes,£20.10,In
Equal Is Unfair: America's Misguided Fight Against Income Inequality,£56.86,In
Eleanor & Park,£56.51,In
Dirty (Dive Bar #1),£40.83,In
Can You Keep a Secret? (Fear Street Relaunch #4),£48.64,In
Boar Island (Anna Pigeon #19),£59.48,In
A Paris Apartment,£39.01,In
"A la Mode: 120 Recipes in 60 Pairings: Pies, Tarts, Cakes, Crisps, and More Topped with Ice Cream, Gelato, Frozen Custard, and More",£38.77,In
Troublemaker: Surviving Hollywood and Scientology,£48.39,In
The Widow,£27.26,In
"The Sleep Revolution: Transforming Your Life, One Night at a Time",£11.68,In
The Improbability of Love,£59.45,In
The Art of Startup Fundraising,£21.00,In
Take Me Home Tonight (Rock Star Romance #3),£53.98,In
Sleeping Giants (Themis Files #1),£48.74,In
"Setting the World on Fire: The Brief, Astonishing Life of St. Catherine of Siena",£21.15,In
Playing with Fire,£13.71,In
Off the Hook (Fishing for Trouble #1),£47.67,In
Mothering Sunday,£13.34,In
"Mother, Can You Not?",£16.89,In
M Train,£27.18,In
Lilac Girls,£17.28,In
Lies and Other Acts of Love,£45.14,In
Lab Girl,£40.85,In
Keep Me Posted,£20.46,In
It Didn't Start with You: How Inherited Family Trauma Shapes Who We Are and How to End the Cycle,£56.27,In
Grey (Fifty Shades #4),£48.49,In
"Exit, Pursued by a Bear",£51.34,In
Daredevils,£16.34,In
Cravings: Recipes for What You Want to Eat,£20.50,In
Born for This: How to Find the Work You Were Meant to Do,£21.59,In
Arena,£21.36,In
Adultery,£20.88,In
A Mother's Reckoning: Living in the Aftermath of Tragedy,£19.53,In
A Gentleman's Position (Society of Gentlemen #3),£14.75,In
11/22/63,£48.48,In
"10% Happier: How I Tamed the Voice in My Head, Reduced Stress Without Losing My Edge, and Found Self-Help That Actually Works",£24.57,In
10-Day Green Smoothie Cleanse: Lose Up to 15 Pounds in 10 Days!,£49.71,In
Without Shame,£48.27,In
Watchmen,£58.05,In
Unlimited Intuition Now,£58.87,In
Underlying Notes,£11.82,In
The Shack,£28.03,In
The New Brand You: Your New Image Makes the Sale for You,£44.05,In
"The Moosewood Cookbook: Recipes from Moosewood Restaurant, Ithaca, New York",£12.34,In
The Flowers Lied,£16.68,In
"The Fabric of the Cosmos: Space, Time, and the Texture of Reality",£55.91,In
The Book of Mormon,£24.57,In
The Art and Science of Low Carbohydrate Living,£52.98,In
The Alien Club,£54.40,In
Suzie Snowflake: One beautiful flake (a self-esteem story),£54.81,In
Nap-a-Roo,£25.08,In
"NaNo What Now? Finding your editing process, revising your NaNoWriMo book and building a writing career through publishing and beyond",£10.41,In
Modern Day Fables,£47.44,In
If I Gave You God's Phone Number....: Searching for Spirituality in America,£20.91,In
"Fruits Basket, Vol. 9 (Fruits Basket #9)",£33.95,In
Dress Your Family in Corduroy and Denim,£43.68,In
Don't Forget Steven,£33.23,In
Chernobyl 01:23:40: The Incredible True Story of the World's Worst Nuclear Disaster,£35.92,In
Art and Fear: Observations on the Perils (and Rewards) of Artmaking,£48.63,In
A Shard of Ice (The Black Symphony Saga #1),£56.63,In
A Hero's Curse (The Unseen Chronicles #1),£50.49,In
23 Degrees South: A Tropical Tale of Changing Whether...,£35.79,In
"Zero to One: Notes on Startups, or How to Build the Future",£34.06,In
Why Not Me?,£17.76,In
When Breath Becomes Air,£39.36,In
Vagabonding: An Uncommon Guide to the Art of Long-Term World Travel,£36.94,In
The Unlikely Pilgrimage of Harold Fry (Harold Fry #1),£43.62,In
The New Drawing on the Right Side of the Brain,£43.02,In
"The Midnight Assassin: Panic, Scandal, and the Hunt for America's First Serial Killer",£28.45,In
The Martian (The Martian #1),£41.39,In
The High Mountains of Portugal,£51.15,In
The Grownup,£35.88,In
The E-Myth Revisited: Why Most Small Businesses Don't Work and What to Do About It,£36.91,In
South of Sunshine,£28.93,In
Smarter Faster Better: The Secrets of Being Productive in Life and Business,£38.89,In
Silence in the Dark (Logan Point #4),£58.33,In
Shadows of the Past (Logan Point #1),£39.67,In
Roller Girl,£14.10,In
Rising Strong,£21.82,In
Proofs of God: Classical Arguments from Tertullian to Barth,£54.21,In
Please Kill Me: The Uncensored Oral History of Punk,£31.19,In
Out of Print: City Lights Spotlight No. 14,£53.64,In
My Life Next Door (My Life Next Door ),£36.39,In
Miller's Valley,£58.54,In
Man's Search for Meaning,£29.48,In
"Love That Boy: What Two Presidents, Eight Road Trips, and My Son Taught Me About a Parent's Expectations",£25.06,In
Living Forward: A Proven Plan to Stop Drifting and Get the Life You Want,£12.55,In
Les Fleurs du Mal,£29.04,In
Left Behind (Left Behind #1),£40.72,In
Kill 'Em and Leave: Searching for James Brown and the American Soul,£45.05,In
Kierkegaard: A Christian Missionary to Christians,£47.13,In
John Vassos: Industrial Design for Modern Life,£20.22,In
I'll Give You the Sun,£56.48,In
I Will Find You,£44.21,In
Hystopia: A Novel,£21.96,In
Howl and Other Poems,£40.45,In
History of Beauty,£10.29,In
Heaven is for Real: A Little Boy's Astounding Story of His Trip to Heaven and Back,£52.86,In
Future Shock (Future Shock #1),£55.65,In
Ender's Game (The Ender Quintet #1),£43.64,In
Diary of a Citizen Scientist: Chasing Tiger Beetles and Other New Ways of Engaging the World,£28.41,In
Death by Leisure: A Cautionary Tale,£37.51,In
Brilliant Beacons: A History of the American Lighthouse,£11.45,In
Brazen: The Courage to Find the You That's Been Hiding,£19.22,In
Between the World and Me,£56.91,In
Being Mortal: Medicine and What Matters in the End,£55.06,In
"A Murder Over a Girl: Justice, Gender, Junior High",£13.20,In
32 Yolks,£53.63,In
"""Most Blessed of the Patriarchs"": Thomas Jefferson and the Empire of the Imagination",£44.48,In
You Are a Badass: How to Stop Doubting Your Greatness and Start Living an Awesome Life,£12.08,In
Wildlife of New York: A Five-Borough Coloring Book,£22.14,In
What Happened on Beale Street (Secrets of the South Mysteries #2),£25.37,In
Unreasonable Hope: Finding Faith in the God Who Brings Purpose to Your Pain,£46.33,In
Under the Tuscan Sun,£37.33,In
Toddlers Are A**holes: It's Not Your Fault,£25.55,In
The Year of Living Biblically: One Man's Humble Quest to Follow the Bible as Literally as Possible,£34.72,In
The Whale,£35.96,In
The Story of Art,£41.14,In
The Origin of Species,£10.01,In
The Great Gatsby,£36.05,In
The Good Girl,£49.03,In
The Glass Castle,£16.24,In
The Faith of Christopher Hitchens: The Restless Soul of the World's Most Notorious Atheist,£39.55,In
The Drowning Girls,£35.67,In
The Constant Princess (The Tudor Court #1),£16.62,In
The Bourne Identity (Jason Bourne #1),£42.78,In
The Bachelor Girl's Guide to Murder (Herringford and Watts Mysteries #1),£52.30,In
The Art Book,£32.34,In
The 7 Habits of Highly Effective People: Powerful Lessons in Personal Change,£33.17,In
Team of Rivals: The Political Genius of Abraham Lincoln,£20.12,In
Steal Like an Artist: 10 Things Nobody Told You About Being Creative,£20.90,In
"Sit, Stay, Love",£20.90,In
Sister Dear,£40.20,In
"Shrunken Treasures: Literary Classics, Short, Sweet, and Silly",£52.87,In
"Rich Dad, Poor Dad",£51.74,In
Raymie Nightingale,£34.41,In
Playing from the Heart,£32.38,In
Nightstruck: A Novel,£50.35,In
"Naturally Lean: 125 Nourishing Gluten-Free, Plant-Based Recipes--All Under 300 Calories",£11.38,In
Meternity,£43.58,In
Memoirs of a Geisha,£49.67,In
Like Never Before (Walker Family #2),£28.77,In
Life of Pi,£13.22,In
Leave This Song Behind: Teen Poetry at Its Best,£51.17,In
King's Folly (The Kinsman Chronicles #1),£39.61,In
John Adams,£57.43,In
How to Cook Everything Vegetarian: Simple Meatless Recipes for Great Food (How to Cook Everything),£46.01,In
How to Be a Domestic Goddess: Baking and the Art of Comfort Cooking,£28.25,In
Good in Bed (Cannie Shapiro #1),£37.05,In
"Fruits Basket, Vol. 7 (Fruits Basket #7)",£19.57,In
For the Love: Fighting for Grace in a World of Impossible Standards,£45.13,In
Finding God in the Ruins: How God Redeems Pain,£46.64,In
Every Heart a Doorway (Every Heart A Doorway #1),£12.16,In
Delivering the Truth (Quaker Midwife Mystery #1),£20.89,In
Counted With the Stars (Out from Egypt #1),£17.97,In
"Chronicles, Vol. 1",£52.60,In
Blue Like Jazz: Nonreligious Thoughts on Christian Spirituality,£25.77,In
Benjamin Franklin: An American Life,£48.19,In
"At The Existentialist Café: Freedom, Being, and apricot cocktails with: Jean-Paul Sartre, Simone de Beauvoir, Albert Camus, Martin Heidegger, Edmund Husserl, Karl Jaspers, Maurice Merleau-Ponty and others",£29.93,In
A Summer In Europe,£44.34,In
A Short History of Nearly Everything,£52.40,In
A Gathering of Shadows (Shades of Magic #2),£44.81,In
The Sound Of Love,£57.84,In
The Rise and Fall of the Third Reich: A History of Nazi Germany,£39.67,In
The Perks of Being a Wallflower,£55.02,In
The Mysterious Affair at Styles (Hercule Poirot #1),£24.80,In
The Man Who Mistook His Wife for a Hat and Other Clinical Tales,£59.45,In
The Makings of a Fatherless Child,£31.58,In
The Joy of Cooking,£43.27,In
The Invention of Wings,£37.34,In
The Hobbit (Middle-Earth Universe),£17.80,In
The Great Railway Bazaar,£30.54,In
The Golden Compass (His Dark Materials #1),£18.77,In
The God Delusion,£46.85,In
The Girl You Left Behind (The Girl You Left Behind #1),£15.79,In
The Fellowship of the Ring (The Lord of the Rings #1),£10.27,In
The Collected Poems of W.B. Yeats (The Collected Works of W.B. Yeats #1),£15.42,In
The Barefoot Contessa Cookbook,£59.92,In
Tell the Wolves I'm Home,£50.96,In
Ship Leaves Harbor: Essays on Travel by a Recovering Journeyman,£30.60,In
Pride and Prejudice,£19.27,In
Musicophilia: Tales of Music and the Brain,£46.58,In
Mere Christianity,£48.51,In
Me Before You (Me Before You #1),£19.02,In
In the Woods (Dublin Murder Squad #1),£38.38,In
In Cold Blood,£49.98,In
How to Stop Worrying and Start Living,£46.49,In
Give It Back,£18.32,In
"Girl, Interrupted",£42.14,In
Fun Home: A Family Tragicomic,£56.59,In
"Fruits Basket, Vol. 6 (Fruits Basket #6)",£20.96,In
Deception Point,£40.32,In
"Death Note, Vol. 6: Give-and-Take (Death Note #6)",£36.39,In
Catherine the Great: Portrait of a Woman,£58.55,In
Better Homes and Gardens New Cook Book,£39.61,In
An Unquiet Mind: A Memoir of Moods and Madness,£21.30,In
A Year in Provence (Provence #1),£56.88,In
World Without End (The Pillars of the Earth #2),£32.97,In
"Will Grayson, Will Grayson (Will Grayson, Will Grayson)",£47.31,In
Why Save the Bankers?: And Other Essays on Our Economic and Political Crisis,£48.67,In
Where She Went (If I Stay #2),£41.73,In
What If?: Serious Scientific Answers to Absurd Hypothetical Questions,£53.68,In
Two Summers,£14.64,In
This Is Your Brain on Music: The Science of a Human Obsession,£38.40,In
The Secret Garden,£15.08,In
The Raven King (The Raven Cycle #4),£30.57,In
The Raven Boys (The Raven Cycle #1),£57.74,In
The Power Greens Cookbook: 140 Delicious Superfood Recipes,£11.05,In
The Metamorphosis,£28.58,In
The Mathews Men: Seven Brothers and the War Against Hitler's U-boats,£42.91,In
The Little Paris Bookshop,£24.73,In
The Hiding Place,£55.91,In
The Grand Design,£13.76,In
The Firm,£45.56,In
The Fault in Our Stars,£47.22,In
The False Prince (The Ascendance Trilogy #1),£56.00,In
The Expatriates,£44.58,In
The Dream Thieves (The Raven Cycle #2),£34.50,In
The Darkest Corners,£11.33,In
The Crossover,£38.77,In
The 5th Wave (The 5th Wave #1),£11.83,In
Tell the Wind and Fire,£45.51,In
Tell Me Three Things,£41.81,In
Talking to Girls About Duran Duran: One Young Man's Quest for True Love and a Cooler Haircut,£25.15,In
Siddhartha,£34.22,In
Shiver (The Wolves of Mercy Falls #1),£16.23,In
Remember Me?,£11.48,In
Red Dragon (Hannibal Lecter #1),£23.37,In
Peak: Secrets from the New Science of Expertise,£16.28,In
My Mother Was Nuts,£31.63,In
Mexican Today: New and Rediscovered Recipes for Contemporary Kitchens,£24.91,In
Maybe Something Beautiful: How Art Transformed a Neighborhood,£22.54,In
Lola and the Boy Next Door (Anna and the French Kiss #2),£23.63,In
Logan Kade (Fallen Crest High #5.5),£13.12,In
Last One Home (New Beginnings #1),£59.98,In
Killing Floor (Jack Reacher #1),£31.49,In
Kill the Boy Band,£15.52,In
Isla and the Happily Ever After (Anna and the French Kiss #3),£48.13,In
If I Stay (If I Stay #1),£38.13,In
I Know Why the Caged Bird Sings (Maya Angelou's Autobiography #1),£36.55,In
Harry Potter and the Deathly Hallows (Harry Potter #7),£23.32,In
"Fruits Basket, Vol. 5 (Fruits Basket #5)",£16.33,In
Foundation (Foundation (Publication Order) #1),£32.42,In
Fool Me Once,£16.96,In
Find Her (Detective D.D. Warren #8),£22.37,In
Evicted: Poverty and Profit in the American City,£42.27,In
Drama,£38.70,In
Dracula the Un-Dead,£35.63,In
Digital Fortress,£58.00,In
"Death Note, Vol. 5: Whiteout (Death Note #5)",£52.41,In
"Data, A Love Story: How I Gamed Online Dating to Meet My Match",£32.35,In
Critique of Pure Reason,£20.75,In
Booked,£17.49,In
"Blue Lily, Lily Blue (The Raven Cycle #3)",£34.13,In
Approval Junkie: Adventures in Caring Too Much,£58.81,In
An Abundance of Katherines,£10.00,In
America's War for the Greater Middle East: A Military History,£51.22,In
Alight (The Generations Trilogy #2),£58.59,In
A Girl's Guide to Moving On (New Beginnings #2),£31.30,In
A Game of Thrones (A Song of Ice and Fire #1),£46.42,In
A Feast for Crows (A Song of Ice and Fire #4),£17.21,In
A Clash of Kings (A Song of Ice and Fire #2),£10.79,In
Vogue Colors A to Z: A Fashion Coloring Book,£52.35,In
The Shining (The Shining #1),£27.88,In
The Pilgrim's Progress,£50.26,In
The Perfect Play (Play by Play #1),£59.99,In
The Passion of Dolssa,£28.32,In
The Jazz of Physics: The Secret Link Between Music and the Structure of the Universe,£38.71,In
The Hunger Games (The Hunger Games #1),£29.85,In
The Hound of the Baskervilles (Sherlock Holmes #5),£14.82,In
The Gunning of America: Business and the Making of American Gun Culture,£16.81,In
The Geography of Bliss: One Grump's Search for the Happiest Places in the World,£28.23,In
The Demonists (Demonist #1),£52.11,In
"The Demon Prince of Momochi House, Vol. 4 (The Demon Prince of Momochi House #4)",£27.88,In
The Bone Hunters (Lexy Vaughan & Steven Macaulay #2),£59.71,In
The Beast (Black Dagger Brotherhood #14),£46.08,In
Some Women,£13.73,In
Shopaholic Ties the Knot (Shopaholic #3),£48.39,In
Paper and Fire (The Great Library #2),£49.45,In
Outlander (Outlander #1),£19.67,In
"Orchestra of Exiles: The Story of Bronislaw Huberman, the Israel Philharmonic, and the One Thousand Jews He Saved from Nazi Horrors",£12.36,In
No One Here Gets Out Alive,£20.02,In
Night Shift (Night Shift #1-20),£12.75,In
Needful Things,£47.51,In
Mockingjay (The Hunger Games #3),£20.44,In
Misery,£34.79,In
Little Women (Little Women #1),£28.07,In
It,£25.01,In
Harry Potter and the Sorcerer's Stone (Harry Potter #1),£13.90,In
Harry Potter and the Prisoner of Azkaban (Harry Potter #3),£24.17,In
Harry Potter and the Order of the Phoenix (Harry Potter #5),£31.63,In
Harry Potter and the Half-Blood Prince (Harry Potter #6),£48.75,In
Harry Potter and the Chamber of Secrets (Harry Potter #2),£14.74,In
Gone with the Wind,£32.49,In
God Is Not Great: How Religion Poisons Everything,£27.80,In
Girl With a Pearl Earring,£26.77,In
"Fruits Basket, Vol. 4 (Fruits Basket #4)",£50.44,In
Far From True (Promise Falls Trilogy #2),£34.93,In
Dark Lover (Black Dagger Brotherhood #1),£12.87,In
Confessions of a Shopaholic (Shopaholic #1),£48.94,In
Changing the Game (Play by Play #2),£13.38,In
Candide,£58.63,In
Can You Keep a Secret?,£21.94,In
Atlas Shrugged,£26.58,In
Animal Farm,£57.22,In
A Walk to Remember,£56.43,In
A New Earth: Awakening to Your Life's Purpose,£55.65,In
"A History of God: The 4,000-Year Quest of Judaism, Christianity, and Islam",£27.62,In
'Salem's Lot,£49.56,In
Zero History (Blue Ant #3),£34.77,In
Wuthering Heights,£17.73,In
World War Z: An Oral History of the Zombie War,£21.80,In
Wild: From Lost to Found on the Pacific Crest Trail,£46.02,In
"Where'd You Go, Bernadette",£18.13,In
When You Are Engulfed in Flames,£30.89,In
We the People: The Modern-Day Figures Who Have Reshaped and Affirmed the Founding Fathers' Vision of America,£31.95,In
We Are All Completely Beside Ourselves,£24.04,In
Walk the Edge (Thunder Road #2),£32.36,In
Voyager (Outlander #3),£21.07,In
Very Good Lives: The Fringe Benefits of Failure and the Importance of Imagination,£50.66,In
Vegan Vegetarian Omnivore: Dinner for Everyone at the Table,£13.66,In
"Unstuffed: Decluttering Your Home, Mind, and Soul",£58.09,In
Under the Banner of Heaven: A Story of Violent Faith,£30.00,In
Two Boys Kissing,£32.74,In
Twilight (Twilight #1),£41.93,In
Twenties Girl,£42.80,In
"Trespassing Across America: One Man's Epic, Never-Done-Before (and Sort of Illegal) Hike Across the Heartland",£53.51,In
Three-Martini Lunch,£23.21,In
"Thinking, Fast and Slow",£21.14,In
The Wild Robot,£56.07,In
"The Wicked + The Divine, Vol. 3: Commercial Suicide (The Wicked + The Divine)",£14.41,In
The Undomestic Goddess,£45.75,In
The Travelers,£15.77,In
The Tipping Point: How Little Things Can Make a Big Difference,£10.02,In
The Thing About Jellyfish,£48.77,In
The Stand,£57.86,In
The Smitten Kitchen Cookbook,£23.59,In
The Silkworm (Cormoran Strike #2),£23.05,In
"The Sandman, Vol. 3: Dream Country (The Sandman (volumes) #3)",£55.55,In
The Rose & the Dagger (The Wrath and the Dawn #2),£58.64,In
The Road to Little Dribbling: Adventures of an American in Britain (Notes From a Small Island #2),£23.21,In
The Rise of Theodore Roosevelt (Theodore Roosevelt #1),£42.57,In
The Restaurant at the End of the Universe (Hitchhiker's Guide to the Galaxy #2),£10.92,In
The Rest Is Noise: Listening to the Twentieth Century,£34.77,In
The Red Tent,£35.66,In
The Purpose Driven Life: What on Earth Am I Here for?,£37.19,In
The Purest Hook (Second Circle Tattoos #3),£12.25,In
The Picture of Dorian Gray,£29.70,In
The Paris Wife,£36.80,In
The Obsession,£45.43,In
The Nightingale,£26.26,In
The New Guy (and Other Senior Year Distractions),£44.92,In
The Nanny Diaries (Nanny #1),£52.53,In
The Name of God is Mercy,£37.25,In
The Maze Runner (The Maze Runner #1),£20.93,In
The Lover's Dictionary,£58.09,In
The Lonely Ones,£43.59,In
The Lean Startup: How Today's Entrepreneurs Use Continuous Innovation to Create Radically Successful Businesses,£33.92,In
The Last Painting of Sara de Vos,£55.55,In
"The Land of 10,000 Madonnas",£29.64,In
The Infinities,£27.41,In
The Husband's Secret,£52.51,In
The Hitchhiker's Guide to the Galaxy (Hitchhiker's Guide to the Galaxy #1),£47.80,In
The Guns of August,£14.54,In
The Guernsey Literary and Potato Peel Pie Society,£49.53,In
The Goldfinch,£43.58,In
The Giver (The Giver Quartet #1),£12.30,In
The Girl with All the Gifts,£49.47,In
The Girl Who Played with Fire (Millennium Trilogy #2),£22.14,In
The Girl Who Kicked the Hornet's Nest (Millennium Trilogy #3),£57.48,In
The Exiled,£43.45,In
"The End of Faith: Religion, Terror, and the Future of Reason",£22.13,In
"The Elegant Universe: Superstrings, Hidden Dimensions, and the Quest for the Ultimate Theory",£13.03,In
"The Disappearing Spoon: And Other True Tales of Madness, Love, and the History of the World from the Periodic Table of the Elements",£57.35,In
The Devil Wears Prada (The Devil Wears Prada #1),£44.29,In
The Demon-Haunted World: Science as a Candle in the Dark,£52.25,In
The Day the Crayons Came Home (Crayons),£26.33,In
The Da Vinci Code (Robert Langdon #2),£22.96,In
The Cuckoo's Calling (Cormoran Strike #1),£19.21,In
The Complete Stories and Poems (The Works of Edgar Allan Poe [Cameo Edition]),£26.78,In
The Complete Poems,£41.32,In
The Catcher in the Rye,£24.55,In
The Cat in the Hat (Beginner Books B-1),£16.26,In
The Case for Christ (Cases for Christianity),£47.84,In
The Book Thief,£53.49,In
The Book of Basketball: The NBA According to The Sports Guy,£44.84,In
The Blind Side: Evolution of a Game,£53.71,In
The Autobiography of Malcolm X,£23.43,In
"The Art of Simple Food: Notes, Lessons, and Recipes from a Delicious Revolution",£34.32,In
The Art of Fielding,£22.10,In
"Surely You're Joking, Mr. Feynman!: Adventures of a Curious Character",£25.83,In
Stiff: The Curious Lives of Human Cadavers,£36.74,In
Spilled Milk: Based on a True Story,£49.51,In
Something Borrowed (Darcy & Rachel #1),£48.96,In
Something Blue (Darcy & Rachel #2),£54.62,In
Soldier (Talon #3),£24.72,In
Shopaholic & Baby (Shopaholic #5),£46.45,In
Seven Days in the Art World,£52.33,In
Seven Brief Lessons on Physics,£30.60,In
Scarlet (The Lunar Chronicles #2),£14.57,In
Sarah's Key,£46.29,In
"Saga, Volume 3 (Saga (Collected Editions) #3)",£21.57,In
Running with Scissors,£12.91,In
Rogue Lawyer (Rogue Lawyer #1),£50.11,In
"Rise of the Rocket Girls: The Women Who Propelled Us, from Missiles to the Moon to Mars",£41.67,In
Rework,£44.88,In
Reservations for Two,£11.10,In
Red: The True Story of Red Riding Hood,£28.54,In
Ready Player One,£19.07,In
Quiet: The Power of Introverts in a World That Can't Stop Talking,£43.55,In
Prodigy: The Graphic Novel (Legend: The Graphic Novel #2),£43.63,In
Persepolis: The Story of a Childhood (Persepolis #1-2),£39.13,In
Packing for Mars: The Curious Science of Life in the Void,£56.68,In
Outliers: The Story of Success,£14.16,In
Original Fake,£31.45,In
Orange Is the New Black,£24.61,In
One for the Money (Stephanie Plum #1),£32.87,In
Notes from a Small Island (Notes From a Small Island #1),£40.17,In
Night (The Night Trilogy #1),£13.51,In
Neither Here nor There: Travels in Europe,£38.95,In
Naked,£31.69,In
Morning Star (Red Rising #3),£29.40,In
"Miracles from Heaven: A Little Girl, Her Journey to Heaven, and Her Amazing Story of Healing",£57.83,In
Midnight Riot (Peter Grant/ Rivers of London - books #1),£55.46,In
Me Talk Pretty One Day,£57.60,In
Manuscript Found in Accra,£34.98,In
Lust & Wonder,£11.87,In
Lila (Gilead #3),£12.47,In
"Life, the Universe and Everything (Hitchhiker's Guide to the Galaxy #3)",£33.26,In
Life Without a Recipe,£59.04,In
Life After Life,£26.13,In
Letter to a Christian Nation,£22.20,In
Let's Pretend This Never Happened: A Mostly True Memoir,£45.11,In
Legend (Legend #1),£43.69,In
"Lean In: Women, Work, and the Will to Lead",£25.02,In
"Lamb: The Gospel According to Biff, Christ's Childhood Pal",£55.50,In
Lady Renegades (Rebel Belle #3),£53.04,In
Jurassic Park (Jurassic Park #1),£44.97,In
It's Never Too Late to Begin Again: Discovering Creativity and Meaning at Midlife and Beyond,£42.38,In
Is Everyone Hanging Out Without Me? (And Other Concerns),£20.11,In
Into the Wild,£56.70,In
Inferno (Robert Langdon #4),£41.00,In
"In the Garden of Beasts: Love, Terror, and an American Family in Hitler's Berlin",£28.85,In
If I Run (If I Run #1),£49.97,In
I've Got Your Number,£19.69,In
I Am Malala: The Girl Who Stood Up for Education and Was Shot by the Taliban,£28.88,In
Hungry Girl Clean & Hungry: Easy All-Natural Recipes for Healthy Eating in the Real World,£33.14,In
"House of Lost Worlds: Dinosaurs, Dynasties, and the Story of Life on Earth",£43.70,In
House of Leaves,£54.89,In
Horrible Bear!,£37.52,In
Holidays on Ice,£51.07,In
Heir to the Sky,£44.07,In
Green Eggs and Ham (Beginner Books B-16),£10.79,In
"Grayson, Vol 3: Nemesis (Grayson #3)",£42.72,In
Gratitude,£26.66,In
Gone Girl,£37.60,In
Golden (Heart of Dread #3),£42.21,In
Girl in the Blue Coat,£46.83,In
"Fruits Basket, Vol. 3 (Fruits Basket #3)",£45.17,In
"Friday Night Lights: A Town, a Team, and a Dream",£51.22,In
Fire Bound (Sea Haven/Sisters of the Heart #5),£21.28,In
Fifty Shades Freed (Fifty Shades #3),£15.36,In
Fellside,£38.62,In
Extreme Prey (Lucas Davenport #26),£25.40,In
Eragon (The Inheritance Cycle #1),£43.87,In
Eclipse (Twilight #3),£18.74,In
Dune (Dune #1),£54.86,In
Dracula,£52.62,In
Do Androids Dream of Electric Sheep? (Blade Runner #1),£51.48,In
Disrupted: My Misadventure in the Start-Up Bubble,£15.28,In
Dead Wake: The Last Crossing of the Lusitania,£39.24,In
"David and Goliath: Underdogs, Misfits, and the Art of Battling Giants",£17.81,In
Darkfever (Fever #1),£56.02,In
Dark Places,£23.90,In
Crazy Rich Asians (Crazy Rich Asians #1),£49.13,In
Counting Thyme,£10.62,In
Cosmos,£36.17,In
Civilization and Its Discontents,£59.95,In
Cinder (The Lunar Chronicles #1),£26.09,In
Catastrophic Happiness: Finding Joy in Childhood's Messy Years,£37.35,In
Career of Evil (Cormoran Strike #3),£24.72,In
Breaking Dawn (Twilight #4),£35.28,In
Brave Enough,£51.32,In
Boy Meets Boy,£21.12,In
"Born to Run: A Hidden Tribe, Superathletes, and the Greatest Race the World Has Never Seen",£27.35,In
Blink: The Power of Thinking Without Thinking,£21.74,In
Black Flags: The Rise of ISIS,£40.87,In
"Black Butler, Vol. 1 (Black Butler #1)",£49.31,In
Big Little Lies,£22.11,In
Between Shades of Gray,£20.79,In
Best of My Love (Fool's Gold #20),£27.41,In
Beowulf,£38.35,In
Beautiful Creatures (Caster Chronicles #1),£21.55,In
Awkward,£38.02,In
Ash,£22.06,In
Are We There Yet?,£10.66,In
Are We Smart Enough to Know How Smart Animals Are?,£56.58,In
Annie on My Mind,£36.83,In
And Then There Were None,£35.01,In
A Walk in the Woods: Rediscovering America on the Appalachian Trail,£30.48,In
A Visit from the Goon Squad,£14.08,In
A Storm of Swords (A Song of Ice and Fire #3),£31.22,In
A Heartbreaking Work of Staggering Genius,£54.29,In
8 Keys to Mental Health Through Exercise,£31.04,In
#GIRLBOSS,£50.96,In
"The Suffragettes (Little Black Classics, #96)",£11.89,In
The Sense of an Ending,£31.38,In
"The Sandman, Vol. 2: The Doll's House (The Sandman (volumes) #2)",£54.81,In
The Course of Love,£16.78,In
Sugar Rush (Offensive Line #2),£24.42,In
"Saga, Volume 2 (Saga (Collected Editions) #2)",£11.75,In
"Run, Spot, Run: The Ethics of Keeping Pets",£20.02,In
New Moon (Twilight #2),£12.86,In
Life,£31.58,In
Kindle Paperwhite User's Guide,£34.00,In
H is for Hawk,£57.42,In
Girl Online On Tour (Girl Online #2),£53.47,In
"Fruits Basket, Vol. 2 (Fruits Basket #2)",£11.64,In
Diary of a Minecraft Zombie Book 1: A Scare of a Dare (An Unofficial Minecraft Book),£52.88,In
"Y: The Last Man, Vol. 1: Unmanned (Y: The Last Man #1)",£18.51,In
While You Were Mine,£41.32,In
Where Lightning Strikes (Bleeding Stars #3),£39.77,In
When I'm Gone,£51.96,In
Ways of Seeing,£39.51,In
"Vampire Knight, Vol. 1 (Vampire Knight #1)",£15.40,In
Vampire Girl (Vampire Girl #1),£53.82,In
Twenty Love Poems and a Song of Despair,£30.95,In
Travels with Charley: In Search of America,£57.82,In
Three Wishes (River of Time: California #1),£44.18,In
This One Moment (Pushing Limits #1),£48.71,In
The Zombie Room,£19.69,In
"The Wicked + The Divine, Vol. 1: The Faust Act (The Wicked + The Divine)",£36.52,In
The Tumor,£41.56,In
The Story of Hong Gildong,£43.19,In
The Silent Wife,£12.34,In
The Silent Twin (Detective Jennifer Knight #3),£36.25,In
The Selfish Gene,£29.45,In
The Secret Healer,£34.56,In
"The Sandman, Vol. 1: Preludes and Nocturnes (The Sandman (volumes) #1)",£54.12,In
The Republic,£33.78,In
The Odyssey,£29.64,In
The No. 1 Ladies' Detective Agency (No. 1 Ladies' Detective Agency #1),£57.70,In
The Nicomachean Ethics,£36.34,In
The Name of the Wind (The Kingkiller Chronicle #1),£50.59,In
The Mirror & the Maze (The Wrath and the Dawn #1.5),£29.38,In
The Little Prince,£45.42,In
The Light of the Fireflies,£54.43,In
The Last Girl (The Dominion Trilogy #1),£36.26,In
The Iliad,£16.16,In
The Hook Up (Game On #1),£36.29,In
The Haters,£27.89,In
The Girl You Lost,£12.29,In
The Girl In The Ice (DCI Erika Foster #1),£15.85,In
The End of the Jesus Era (An Investigation #1),£14.40,In
The Edge of Reason (Bridget Jones #2),£19.18,In
The Complete Maus (Maus #1-2),£10.64,In
The Communist Manifesto,£14.76,In
The Bhagavad Gita,£57.49,In
The Bette Davis Club,£30.66,In
The Art of Not Breathing,£40.83,In
Taking Shots (Assassins #1),£18.88,In
Starlark,£25.83,In
"Skip Beat!, Vol. 01 (Skip Beat! #1)",£42.12,In
Sister Sable (The Mad Queen #1),£13.33,In
Shatter Me (Shatter Me #1),£42.40,In
Shameless,£58.35,In
Shadow Rites (Jane Yellowrock #10),£21.72,In
Settling the Score (The Summer Games #1),£44.91,In
Sense and Sensibility,£37.46,In
"Saga, Volume 1 (Saga (Collected Editions) #1)",£28.48,In
"Rhythm, Chord & Malykhin",£28.34,In
"Rat Queens, Vol. 1: Sass & Sorcery (Rat Queens (Collected Editions) #1-5)",£46.96,In
Paradise Lost (Paradise #1),£24.96,In
"Paper Girls, Vol. 1 (Paper Girls #1-5)",£21.71,In
"Ouran High School Host Club, Vol. 1 (Ouran High School Host Club #1)",£29.87,In
Origins (Alphas 0.5),£28.99,In
One Second (Seven #7),£52.94,In
On the Road (Duluoz Legend),£32.36,In
Old Records Never Die: One Man's Quest for His Vinyl and His Past,£55.66,In
Off Sides (Off #1),£39.45,In
Of Mice and Men,£47.11,In
Myriad (Prentor #1),£58.75,In
My Perfect Mistake (Over the Top #1),£38.92,In
"Ms. Marvel, Vol. 1: No Normal (Ms. Marvel (2014-2015) #1)",£39.39,In
Meditations,£25.89,In
Matilda,£28.34,In
Lost Among the Living,£27.70,In
Lord of the Flies,£24.89,In
Listen to Me (Fusion #1),£58.99,In
Kitchens of the Great Midwest,£57.20,In
Jane Eyre,£38.43,In
Imperfect Harmony,£34.74,In
Icing (Aces Hockey #2),£40.44,In
"Hawkeye, Vol. 1: My Life as a Weapon (Hawkeye #1)",£45.24,In
Having the Barbarian's Baby (Ice Planet Barbarians #7.5),£34.96,In
"Giant Days, Vol. 1 (Giant Days #1-4)",£56.76,In
"Fruits Basket, Vol. 1 (Fruits Basket #1)",£40.28,In
Frankenstein,£38.00,In
Forever Rockers (The Rocker #12),£28.80,In
Fighting Fate (Fighting #6),£39.24,In
Emma,£32.93,In
"Eat, Pray, Love",£51.32,In
Deep Under (Walker Security #1),£47.09,In
Choosing Our Religion: The Spiritual Lives of America's Nones,£28.42,In
Charlie and the Chocolate Factory (Charlie Bucket #1),£22.85,In
Charity's Cross (Charles Towne Belles #4),£41.24,In
Bright Lines,£39.07,In
Bridget Jones's Diary (Bridget Jones #1),£29.82,In
Bounty (Colorado Mountain #7),£37.26,In
Blood Defense (Samantha Brinkman #1),£20.30,In
"Bleach, Vol. 1: Strawberry and the Soul Reapers (Bleach #1)",£34.65,In
Beyond Good and Evil,£43.38,In
Alice in Wonderland (Alice's Adventures in Wonderland #1),£55.53,In
"Ajin: Demi-Human, Volume 1 (Ajin: Demi-Human #1)",£57.06,In
A Spy's Devotion (The Regency Spies of London #1),£16.97,In
1st to Die (Women's Murder Club #1),£53.98,In
"1,000 Places to See Before You Die",£26.08,In
